model,dataset,image,absrel,rmse,delta1,scale,shift
v2-small,nyu,nyu_0000,0.02590230429455513,0.09594675311884161,0.9986292756539236,0.06959881794431655,0.24900477250715858
v2-small,nyu,nyu_0181,0.022831316592212676,0.0787578302563761,0.9974681421864521,0.10188409545323104,0.2964304479923309
v2-small,nyu,nyu_0358,0.029427861007797852,0.1152733171914666,0.9995263246143528,0.06415494547889894,0.25437116849407654
v2-small,nyu,nyu_0549,0.03734868023161062,0.17032406018880425,0.9772677733065057,0.06449240648901988,0.2506324329506388
v2-small,nyu,nyu_0692,0.13414002581869594,0.5882537031198702,0.8606723675385647,0.1354559133912375,0.20942377673707102
v2-small,nyu,nyu_0837,0.0410988685312475,0.12371911658812149,0.9879485244802146,0.1591765626305626,0.2743986257335139
v2-small,nyu,nyu_1047,0.10896404525738454,0.3128915329286161,0.868498490945674,0.16033043649383877,0.18895766423756646
v2-small,nyu,nyu_1173,0.05116488425963296,0.1829099933046059,0.9999161636485581,0.12047052980340056,0.20329834972013872
v2-small,nyu,nyu_1296,0.015541710821523532,0.06703642240035977,0.9998616700201207,0.06410795556556897,0.2529107621624112
v2-small,nyu,nyu_1448,0.05429073840548222,0.3364703843216197,0.9538187458081824,0.13348257406432423,0.15163538118665737
v2-base,nyu,nyu_0000,0.02417170400488491,0.09275066794380724,0.9973088531187123,0.04203181208071403,0.24297510663775607
v2-base,nyu,nyu_0181,0.022273512937074278,0.0748488087711397,0.9980633802816902,0.05129899082857327,0.2937390714054827
v2-base,nyu,nyu_0358,0.03423340601987279,0.1203281145481447,0.9993879946344735,0.0315467886086037,0.26403322652947797
v2-base,nyu,nyu_0549,0.037627080858338595,0.1732285192909945,0.9780474513749161,0.03263411812737964,0.25640108766651637
v2-base,nyu,nyu_0692,0.1271953735744147,0.5586189341347356,0.8774228705566733,0.060005304327018553,0.2445146246906434
v2-base,nyu,nyu_0837,0.03758113834996473,0.10814504563008741,0.9884012407780013,0.07249736382429803,0.2985233969227601
v2-base,nyu,nyu_1047,0.07021476632270027,0.2626540910100718,0.9745430918846412,0.07602511617872089,0.20763091965143932
v2-base,nyu,nyu_1173,0.03533581679684969,0.12999767938593157,0.9998574782025487,0.0521851185124166,0.21735687915922483
v2-base,nyu,nyu_1296,0.011225000811401197,0.056833109073884176,0.9996856136820925,0.02868901058390918,0.25966463817487456
v2-base,nyu,nyu_1448,0.04913439406391508,0.3560566352814554,0.9574195171026157,0.06520119950310742,0.15560580743348104
v2-large,nyu,nyu_0000,0.022082340554191417,0.09021881719173444,0.9969818913480886,0.0010314992986419232,0.2612512475175356
v2-large,nyu,nyu_0181,0.018167990769989553,0.0647227213665398,0.9979585848423876,0.0012097049713762611,0.3278805818052123
v2-large,nyu,nyu_0358,0.03340917741713764,0.11879097703958859,0.9996017773306506,0.0008977056752360209,0.27798825989294507
v2-large,nyu,nyu_0549,0.037756900842543996,0.16932402553643228,0.9802774983232729,0.0008491920571369351,0.26435639729686883
v2-large,nyu,nyu_0692,0.1248716200904248,0.5443460626693236,0.8781857813547954,0.0015332516085230171,0.2635589899819998
v2-large,nyu,nyu_0837,0.03858042713254575,0.11082046284431656,0.9882377598926895,0.001856740275308081,0.3318017671030493
v2-large,nyu,nyu_1047,0.06673917887242298,0.24923040993211862,0.9749077800134138,0.002026039362869428,0.23026582720314143
v2-large,nyu,nyu_1173,0.03767990687183894,0.13654577067690557,0.9998532863849765,0.0018176433213381495,0.2264355949936413
v2-large,nyu,nyu_1296,0.015126078168199627,0.06517834711595402,0.9997359154929577,0.0006990499408167043,0.2772488589405721
v2-large,nyu,nyu_1448,0.052400679227204344,0.36155016678060126,0.9523767605633803,0.0018677635309346362,0.14991276305962503
