size,scene,n_pairs,acc_v1,acc_v2,gain,ci_lo,ci_hi
small,adverse_style,328,0.9298780487804879,0.9542682926829268,0.024390243902439025,0.003048780487804878,0.04878048780487805
small,aerial,194,0.9432989690721649,0.9639175257731959,0.020618556701030927,-0.005154639175257732,0.05154639175257732
small,indoor,420,0.8261904761904761,0.9357142857142857,0.10952380952380952,0.07857142857142857,0.14523809523809525
small,non_real,303,0.9570957095709571,0.9834983498349835,0.026402640264026403,0.009900990099009901,0.0462046204620462
small,object,148,0.918918918918919,0.972972972972973,0.05405405405405406,0.02027027027027027,0.0945945945945946
small,outdoor,344,0.8837209302325582,0.9302325581395349,0.046511627906976744,0.014534883720930232,0.07848837209302326
small,transparent_reflective,214,0.7289719626168224,0.9345794392523364,0.205607476635514,0.14485981308411214,0.26635514018691586
small,underwater,117,0.9914529914529915,0.9914529914529915,0.0,0.0,0.0
small,ALL,2068,0.8882978723404256,0.9530947775628626,0.06479690522243714,0.05270793036750483,0.07736943907156674
base,adverse_style,328,0.9359756097560976,0.9695121951219512,0.03353658536585366,0.009146341463414634,0.06097560975609756
base,aerial,194,0.9639175257731959,0.9948453608247423,0.030927835051546393,0.005154639175257732,0.061855670103092786
base,indoor,420,0.85,0.969047619047619,0.11904761904761904,0.08571428571428572,0.1523809523809524
base,non_real,303,0.9504950495049505,0.9900990099009901,0.039603960396039604,0.019801980198019802,0.0627062706270627
base,object,148,0.9459459459459459,0.972972972972973,0.02702702702702703,-0.006756756756756757,0.060810810810810814
base,outdoor,344,0.8924418604651163,0.9534883720930233,0.061046511627906974,0.029069767441860465,0.09302325581395349
base,transparent_reflective,214,0.6915887850467289,0.9579439252336449,0.26635514018691586,0.205607476635514,0.3317757009345794
base,underwater,117,0.9829059829059829,0.9914529914529915,0.008547008547008548,-0.017094017094017096,0.042735042735042736
base,ALL,2068,0.8941005802707931,0.9724371373307543,0.07833655705996131,0.06576402321083172,0.0913926499032882
large,adverse_style,328,0.9390243902439024,0.9725609756097561,0.03353658536585366,0.006097560975609756,0.06097560975609756
large,aerial,194,0.9742268041237113,1.0,0.02577319587628866,0.005154639175257732,0.05154639175257732
large,indoor,420,0.8119047619047619,0.9642857142857143,0.1523809523809524,0.11428571428571428,0.19047619047619047
large,non_real,303,0.9570957095709571,0.9933993399339934,0.036303630363036306,0.013201320132013201,0.0594059405940594
large,object,148,0.9594594594594594,0.9797297297297297,0.02027027027027027,-0.006756756756756757,0.05405405405405406
large,outdoor,344,0.8895348837209303,0.9447674418604651,0.055232558139534885,0.023255813953488372,0.0872093023255814
large,transparent_reflective,214,0.719626168224299,0.9485981308411215,0.22897196261682243,0.16822429906542055,0.2897196261682243
large,underwater,117,0.9914529914529915,0.9914529914529915,0.0,-0.02564102564102564,0.02564102564102564
large,ALL,2068,0.8926499032882012,0.9709864603481625,0.07833655705996131,0.06528046421663443,0.09187620889748549
