model,ours,dataset,metric
v1-base,1.0,da2k,acc_adverse_style
v1-base,0.75,da2k,acc_aerial
v1-base,0.6,da2k,acc_indoor
v1-base,1.0,da2k,acc_non_real
v1-base,1.0,da2k,acc_object
v1-base,1.0,da2k,acc_outdoor
v1-base,0.75,da2k,acc_transparent_reflective
v1-base,1.0,da2k,acc_underwater
v1-large,1.0,da2k,acc_adverse_style
v1-large,1.0,da2k,acc_aerial
v1-large,0.6,da2k,acc_indoor
v1-large,1.0,da2k,acc_non_real
v1-large,1.0,da2k,acc_object
v1-large,1.0,da2k,acc_outdoor
v1-large,1.0,da2k,acc_transparent_reflective
v1-large,1.0,da2k,acc_underwater
v1-small,1.0,da2k,acc_adverse_style
v1-small,0.75,da2k,acc_aerial
v1-small,0.6,da2k,acc_indoor
v1-small,1.0,da2k,acc_non_real
v1-small,1.0,da2k,acc_object
v1-small,0.7142857142857143,da2k,acc_outdoor
v1-small,1.0,da2k,acc_transparent_reflective
v1-small,1.0,da2k,acc_underwater
v2-base,1.0,da2k,acc_adverse_style
v2-base,1.0,da2k,acc_aerial
v2-base,1.0,da2k,acc_indoor
v2-base,1.0,da2k,acc_non_real
v2-base,1.0,da2k,acc_object
v2-base,1.0,da2k,acc_outdoor
v2-base,1.0,da2k,acc_transparent_reflective
v2-base,1.0,da2k,acc_underwater
v2-large,1.0,da2k,acc_adverse_style
v2-large,1.0,da2k,acc_aerial
v2-large,1.0,da2k,acc_indoor
v2-large,1.0,da2k,acc_non_real
v2-large,1.0,da2k,acc_object
v2-large,1.0,da2k,acc_outdoor
v2-large,1.0,da2k,acc_transparent_reflective
v2-large,1.0,da2k,acc_underwater
v2-small,1.0,da2k,acc_adverse_style
v2-small,1.0,da2k,acc_aerial
v2-small,1.0,da2k,acc_indoor
v2-small,1.0,da2k,acc_non_real
v2-small,1.0,da2k,acc_object
v2-small,1.0,da2k,acc_outdoor
v2-small,1.0,da2k,acc_transparent_reflective
v2-small,1.0,da2k,acc_underwater
v1-base,0.9024390243902439,da2k,acc_overall
v1-large,0.9512195121951219,da2k,acc_overall
v1-small,0.8780487804878049,da2k,acc_overall
v2-base,1.0,da2k,acc_overall
v2-large,1.0,da2k,acc_overall
v2-small,1.0,da2k,acc_overall
