model,dataset,metric,paper_value,paper_source,ours,n_images,gap
v1-base,da2k,acc_adverse_style,,,1.0,,
v1-base,da2k,acc_aerial,,,0.75,,
v1-base,da2k,acc_indoor,,,0.6,,
v1-base,da2k,acc_non_real,,,1.0,,
v1-base,da2k,acc_object,,,1.0,,
v1-base,da2k,acc_outdoor,,,1.0,,
v1-base,da2k,acc_overall,,,0.9024,,
v1-base,da2k,acc_transparent_reflective,,,0.75,,
v1-base,da2k,acc_underwater,,,1.0,,
v1-large,da2k,acc_adverse_style,,,1.0,,
v1-large,da2k,acc_aerial,,,1.0,,
v1-large,da2k,acc_indoor,,,0.6,,
v1-large,da2k,acc_non_real,,,1.0,,
v1-large,da2k,acc_object,,,1.0,,
v1-large,da2k,acc_outdoor,,,1.0,,
v1-large,da2k,acc_overall,,,0.9512,,
v1-large,da2k,acc_transparent_reflective,,,1.0,,
v1-large,da2k,acc_underwater,,,1.0,,
v1-small,da2k,acc_adverse_style,,,1.0,,
v1-small,da2k,acc_aerial,,,0.75,,
v1-small,da2k,acc_indoor,,,0.6,,
v1-small,da2k,acc_non_real,,,1.0,,
v1-small,da2k,acc_object,,,1.0,,
v1-small,da2k,acc_outdoor,,,0.7143,,
v1-small,da2k,acc_overall,,,0.878,,
v1-small,da2k,acc_transparent_reflective,,,1.0,,
v1-small,da2k,acc_underwater,,,1.0,,
v2-base,da2k,acc_adverse_style,,,1.0,,
v2-base,da2k,acc_aerial,,,1.0,,
v2-base,da2k,acc_indoor,,,1.0,,
v2-base,da2k,acc_non_real,,,1.0,,
v2-base,da2k,acc_object,,,1.0,,
v2-base,da2k,acc_outdoor,,,1.0,,
v2-base,da2k,acc_overall,,,1.0,,
v2-base,da2k,acc_transparent_reflective,,,1.0,,
v2-base,da2k,acc_underwater,,,1.0,,
v2-base,nyu,absrel,,,0.089,654.0,
v2-base,nyu,delta1,,,0.9208,654.0,
v2-base,nyu,rmse,,,0.4139,654.0,
v2-large,da2k,acc_adverse_style,,,1.0,,
v2-large,da2k,acc_aerial,,,1.0,,
v2-large,da2k,acc_indoor,,,1.0,,
v2-large,da2k,acc_non_real,,,1.0,,
v2-large,da2k,acc_object,,,1.0,,
v2-large,da2k,acc_outdoor,,,1.0,,
v2-large,da2k,acc_overall,,,1.0,,
v2-large,da2k,acc_transparent_reflective,,,1.0,,
v2-large,da2k,acc_underwater,,,1.0,,
v2-large,nyu,absrel,,,0.1015,654.0,
v2-large,nyu,delta1,,,0.9049,654.0,
v2-large,nyu,rmse,,,0.4566,654.0,
v2-small,da2k,acc_adverse_style,,,1.0,,
v2-small,da2k,acc_aerial,,,1.0,,
v2-small,da2k,acc_indoor,,,1.0,,
v2-small,da2k,acc_non_real,,,1.0,,
v2-small,da2k,acc_object,,,1.0,,
v2-small,da2k,acc_outdoor,,,1.0,,
v2-small,da2k,acc_overall,,,1.0,,
v2-small,da2k,acc_transparent_reflective,,,1.0,,
v2-small,da2k,acc_underwater,,,1.0,,
v2-small,nyu,absrel,,,0.0955,654.0,
v2-small,nyu,delta1,,,0.9106,654.0,
v2-small,nyu,rmse,,,0.4356,654.0,
